Arroz del puerto,Postre|Cerdo|Chicharron|Batavia
Arroz Mediterraneo,Bandeja|Costilla|Lomo Biche|Pulpo
Papas a la Francesa,Sopa|Chicharron|Jamón|Cabano
Desayuno,Postre|Jamón|Batavia|Cebolla
Arroz Oriental,Sopa|Cabano|Cerdo|Lechuga
Arroz llanero,Sopa|Lomo Biche|Costilla|Costilla
Chop Suey,Sopa|Maduro|Papas a la Francesa|Papas a la Francesa
Arroz a la barbacoa,Sopa|Verduras|Chorizo|Lomo Biche
Arroz Colombiano,Bebida|Pulpo|Pollo|Pulpo
Arroz Vegetariano,Bebida|Chuleta|Batavia|Papas
Desayuno,Adicionales|Pollo|Papas a la Francesa|Pulpo
Arroz Mediterraneo,Bandeja|Ostras|Cerdo|Maduro
Arroz Vegetariano,Adicionales|Cabano|Camarón|Cerdo
Arroz Mediterraneo,Bebida|Cerdo|Camarón|Pollo
Arroz Vegetariano,Postre|Papas a la Francesa|Verduras|Ostras
Arroz Vegetariano,Bandeja|Chuleta|Chuleta|Cerdo
Arroz Oriental,Plato Secundario|Papas|Papas|Cebolla
Arroz del puerto,Postre|Pollo|Jamón|Cebolla
Papas a la Francesa,Plato Secundario|Cebolla|Pollo|Costilla
Chop Suey,Sopa|Jamón|Pollo|Camarón
Lumpias,Bebida|Chuleta|Chorizo|Chuleta
Papas a la Francesa,Adicionales|Pulpo|Pulpo|Pulpo
Arroz Colombiano,Postre|Chorizo|Verduras|Verduras
Arroz llanero,Sopa|Cabano|Batavia|Ostras
Arroz Oriental,Bebida|Pulpo|Cebolla|Chicharron
Chop Suey,Sopa|Camarón|Lomo Biche|Jamón
Desayuno,Bandeja|Camarón|Pollo|Jamón
Arroz a la barbacoa,Sopa|Costilla|Papas a la Francesa|Lechuga
Desayuno,Adicionales|Ostras|Chuleta|Chorizo
Arroz Mediterraneo,Adicionales|Papas|Jamón|Lechuga
Arroz Oriental,Plato Secundario|Pollo|Verduras|Camarón
Papas a la Francesa,Bandeja|Papas a la Francesa|Jamón|Papas a la Francesa
Arroz Oriental,Bandeja|Chuleta|Lomo Biche|Batavia
Arroz del puerto,Sopa|Lechuga|Lomo Biche|Batavia
Papas a la Francesa,Sopa|Chicharron|Maduro|Papas a la Francesa
Arroz llanero,Postre|Cebolla|Maduro|Cabano
Arroz del puerto,Bebida|Pulpo|Maduro|Cerdo
Desayuno,Bandeja|Pulpo|Batavia|Maduro
Arroz Colombiano,Bandeja|Ostras|Pulpo|Chicharron
Arroz a la barbacoa,Postre|Pulpo|Pollo|Lomo Biche
Lumpias,Sopa|Jamón|Cerdo|Verduras
Papas a la Francesa,Bebida|Cabano|Papas|Papas a la Francesa
Chop Suey,Bandeja|Cebolla|Camarón|Jamón
Arroz del puerto,Sopa|Cerdo|Chuleta|Jamón
Arroz Colombiano,Postre|Lomo Biche|Chorizo|Batavia
Papas a la Francesa,Plato Secundario|Chuleta|Lomo Biche|Chorizo
Arroz Vegetariano,Bebida|Cebolla|Lechuga|Papas a la Francesa
Refrigerio,Postre|Chuleta|Papas a la Francesa|Chuleta
Chop Suey,Postre|Papas|Chuleta|Jamón
Arroz del puerto,Bebida|Ostras|Pollo|Pollo
Papas a la Francesa,Postre|Camarón|Chorizo|Chicharron
Arroz Oriental,Bandeja|Cabano|Maduro|Ostras
Arroz del puerto,Sopa|Cerdo|Papas a la Francesa|Chuleta
Arroz Vegetariano,Bebida|Batavia|Chicharron|Lomo Biche
Arroz Mediterraneo,Bandeja|Cabano|Verduras|Papas a la Francesa
Chop Suey,Bandeja|Chicharron|Camarón|Pulpo
Arroz llanero,Bebida|Papas|Lechuga|Chicharron
Lumpias,Plato Secundario|Verduras|Pollo|Costilla
Lumpias,Plato Secundario|Camarón|Cebolla|Cebolla
Papas a la Francesa,Bebida|Chorizo|Batavia|Chorizo
Arroz del puerto,Adicionales|Costilla|Ostras|Chorizo
Arroz a la barbacoa,Postre|Ostras|Lomo Biche|Pulpo
Papas a la Francesa,Adicionales|Maduro|Chicharron|Papas a la Francesa
Desayuno,Adicionales|Papas a la Francesa|Batavia|Chuleta
Papas a la Francesa,Plato Secundario|Cerdo|Maduro|Verduras
Chop Suey,Postre|Lomo Biche|Cebolla|Chorizo
Arroz a la barbacoa,Bandeja|Chicharron|Costilla|Papas a la Francesa
Arroz Oriental,Adicionales|Costilla|Camarón|Cebolla
Arroz a la barbacoa,Adicionales|Camarón|Batavia|Papas a la Francesa
Arroz Vegetariano,Bebida|Lechuga|Chuleta|Chorizo
Arroz Colombiano,Bebida|Camarón|Verduras|Papas
Chop Suey,Adicionales|Pollo|Camarón|Jamón
Arroz llanero,Sopa|Chuleta|Pulpo|Pulpo
Chop Suey,Plato Secundario|Lomo Biche|Camarón|Camarón
Arroz a la barbacoa,Adicionales|Verduras|Cebolla|Pollo
Papas a la Francesa,Adicionales|Pulpo|Chuleta|Cabano
Arroz Vegetariano,Bandeja|Jamón|Chicharron|Maduro
Lumpias,Bebida|Pollo|Maduro|Cerdo
Arroz Colombiano,Bebida|Chorizo|Ostras|Maduro
Refrigerio,Bebida|Papas|Batavia|Chuleta
Refrigerio,Bandeja|Chicharron|Lechuga|Costilla
Arroz del puerto,Bebida|Chorizo|Chicharron|Maduro
Arroz Colombiano,Bebida|Lomo Biche|Papas a la Francesa|Pulpo
Arroz Colombiano,Bebida|Batavia|Papas a la Francesa|Cerdo
Desayuno,Bebida|Pulpo|Papas|Cerdo
Arroz del puerto,Sopa|Pollo|Jamón|Cabano
Chop Suey,Plato Secundario|Cerdo|Ostras|Verduras
Chop Suey,Plato Secundario|Chicharron|Costilla|Batavia
Arroz llanero,Plato Secundario|Camarón|Costilla|Costilla
Refrigerio,Bandeja|Verduras|Lechuga|Pulpo
Refrigerio,Adicionales|Chuleta|Chicharron|Pulpo
Arroz Mediterraneo,Postre|Lechuga|Pulpo|Papas
Arroz Mediterraneo,Bebida|Camarón|Maduro|Cebolla
Arroz Oriental,Adicionales|Chuleta|Lomo Biche|Lomo Biche
Arroz del puerto,Postre|Maduro|Ostras|Papas a la Francesa
Arroz del puerto,Postre|Jamón|Lomo Biche|Costilla
Arroz Oriental,Bandeja|Cebolla|Lomo Biche|Maduro
Arroz del puerto,Bebida|Pollo|Cerdo|Ostras
Arroz llanero,Bandeja|Cerdo|Camarón|Lomo Biche
Arroz Vegetariano,Bandeja|Jamón|Batavia|Ostras
Arroz del puerto,Plato Secundario|Camarón|Papas a la Francesa|Lechuga
Refrigerio,Bandeja|Papas a la Francesa|Cerdo|Cabano
Arroz Mediterraneo,Plato Secundario|Ostras|Camarón|Pulpo
Lumpias,Plato Secundario|Pollo|Cerdo|Cabano
Arroz Mediterraneo,Plato Secundario|Cebolla|Lechuga|Pollo
Arroz del puerto,Bandeja|Papas a la Francesa|Maduro|Maduro
Arroz del puerto,Bandeja|Cebolla|Cebolla|Costilla
Lumpias,Sopa|Pollo|Jamón|Chorizo
Arroz Oriental,Bandeja|Chuleta|Chuleta|Pollo
Arroz Oriental,Sopa|Pollo|Lomo Biche|Camarón
Chop Suey,Postre|Pulpo|Chorizo|Batavia
Arroz Colombiano,Postre|Pollo|Camarón|Lechuga
Arroz llanero,Postre|Pulpo|Chuleta|Papas a la Francesa
Desayuno,Sopa|Chorizo|Maduro|Verduras
Arroz Colombiano,Plato Secundario|Papas|Pollo|Pulpo
Desayuno,Postre|Cerdo|Lomo Biche|Lechuga
Arroz Oriental,Plato Secundario|Costilla|Lomo Biche|Lechuga
Arroz Colombiano,Plato Secundario|Cabano|Pollo|Verduras
Arroz del puerto,Plato Secundario|Pollo|Maduro|Ostras
Lumpias,Bebida|Jamón|Papas|Cebolla
Papas a la Francesa,Bebida|Jamón|Chicharron|Lechuga
Arroz Oriental,Plato Secundario|Cebolla|Pulpo|Chorizo
Arroz a la barbacoa,Bandeja|Batavia|Pulpo|Maduro
Arroz del puerto,Adicionales|Chicharron|Costilla|Cebolla
Arroz Colombiano,Bebida|Jamón|Chorizo|Chicharron
Chop Suey,Adicionales|Cerdo|Cabano|Ostras
Arroz llanero,Bebida|Ostras|Pollo|Maduro
Desayuno,Plato Secundario|Papas a la Francesa|Maduro|Lomo Biche
Arroz del puerto,Postre|Ostras|Batavia|Verduras
Desayuno,Sopa|Lechuga|Chuleta|Lechuga
Chop Suey,Postre|Batavia|Cerdo|Camarón
Arroz del puerto,Adicionales|Camarón|Papas a la Francesa|Chuleta
Arroz llanero,Plato Secundario|Cabano|Lechuga|Costilla
Refrigerio,Adicionales|Jamón|Papas a la Francesa|Batavia
Lumpias,Sopa|Papas|Costilla|Chorizo
Arroz Mediterraneo,Bebida|Papas a la Francesa|Costilla|Maduro
Lumpias,Plato Secundario|Jamón|Lechuga|Maduro
Arroz llanero,Adicionales|Maduro|Cabano|Jamón
Chop Suey,Bandeja|Cebolla|Papas a la Francesa|Lomo Biche
Chop Suey,Bandeja|Jamón|Cebolla|Lechuga
Arroz a la barbacoa,Sopa|Cabano|Lechuga|Verduras
Arroz llanero,Adicionales|Chuleta|Camarón|Cabano
Arroz Colombiano,Postre|Chorizo|Verduras|Camarón
Papas a la Francesa,Bebida|Camarón|Costilla|Lomo Biche
Refrigerio,Bebida|Pollo|Papas|Chorizo
Chop Suey,Adicionales|Verduras|Maduro|Chorizo
Desayuno,Plato Secundario|Cabano|Cebolla|Verduras
Lumpias,Sopa|Lomo Biche|Chicharron|Jamón
Arroz Oriental,Bandeja|Chorizo|Cerdo|Maduro
Arroz a la barbacoa,Sopa|Costilla|Ostras|Pulpo
Arroz Vegetariano,Adicionales|Pulpo|Costilla|Chuleta
Papas a la Francesa,Adicionales|Cebolla|Pulpo|Cerdo
Arroz Oriental,Postre|Jamón|Papas a la Francesa|Pulpo
Arroz a la barbacoa,Plato Secundario|Cabano|Cabano|Batavia
Papas a la Francesa,Adicionales|Chicharron|Maduro|Verduras
Desayuno,Sopa|Chuleta|Camarón|Lechuga
Desayuno,Bandeja|Costilla|Chuleta|Pulpo
Arroz llanero,Adicionales|Cerdo|Cerdo|Ostras
Arroz a la barbacoa,Bandeja|Pulpo|Papas|Cebolla
Papas a la Francesa,Postre|Camarón|Pulpo|Maduro
Arroz Colombiano,Sopa|Cebolla|Papas a la Francesa|Papas
Arroz Mediterraneo,Adicionales|Camarón|Pollo|Papas a la Francesa
Chop Suey,Plato Secundario|Chuleta|Pollo|Pulpo
Arroz Oriental,Postre|Chorizo|Pulpo|Cabano
Chop Suey,Sopa|Papas|Lechuga|Ostras
Desayuno,Postre|Papas|Camarón|Cebolla
Arroz Colombiano,Adicionales|Lechuga|Papas|Lechuga
Arroz Vegetariano,Adicionales|Cerdo|Lomo Biche|Cerdo
Lumpias,Bandeja|Pollo|Verduras|Chuleta
Arroz Oriental,Bandeja|Pulpo|Cerdo|Chorizo
Arroz del puerto,Bandeja|Cerdo|Maduro|Camarón
Desayuno,Bandeja|Chuleta|Lomo Biche|Maduro
Desayuno,Sopa|Papas a la Francesa|Costilla|Lechuga
Arroz Vegetariano,Postre|Batavia|Lomo Biche|Pollo
Arroz Mediterraneo,Bebida|Costilla|Cebolla|Cebolla
Arroz llanero,Adicionales|Jamón|Pollo|Costilla
Chop Suey,Sopa|Cebolla|Verduras|Cabano
Arroz Vegetariano,Adicionales|Ostras|Verduras|Pollo
Chop Suey,Postre|Costilla|Chicharron|Papas a la Francesa
Desayuno,Bandeja|Camarón|Chuleta|Lomo Biche
Arroz Colombiano,Adicionales|Verduras|Chicharron|Chuleta
Lumpias,Plato Secundario|Pulpo|Cabano|Chorizo
Arroz Mediterraneo,Bebida|Lechuga|Pulpo|Batavia
Arroz Oriental,Adicionales|Verduras|Cerdo|Papas
Arroz del puerto,Sopa|Cabano|Chuleta|Verduras
Arroz a la barbacoa,Postre|Chorizo|Papas a la Francesa|Ostras
Arroz a la barbacoa,Bandeja|Lomo Biche|Chicharron|Verduras
Arroz a la barbacoa,Postre|Chicharron|Lechuga|Pollo
Arroz del puerto,Postre|Cebolla|Cebolla|Chuleta
Lumpias,Plato Secundario|Maduro|Cabano|Chuleta
Chop Suey,Sopa|Jamón|Costilla|Jamón
Arroz Mediterraneo,Adicionales|Papas|Verduras|Lomo Biche
Desayuno,Sopa|Chuleta|Maduro|Papas
Arroz a la barbacoa,Postre|Ostras|Cabano|Costilla
Arroz Colombiano,Bandeja|Maduro|Camarón|Ostras
Arroz Colombiano,Bebida|Batavia|Cabano|Chicharron
Arroz del puerto,Adicionales|Papas a la Francesa|Camarón|Maduro
Arroz Oriental,Bandeja|Lomo Biche|Chicharron|Maduro
Arroz Oriental,Bebida|Pollo|Chuleta|Chorizo
Arroz llanero,Postre|Chuleta|Ostras|Verduras
Desayuno,Adicionales|Verduras|Batavia|Maduro
Arroz llanero,Sopa|Chicharron|Verduras|Lomo Biche
Refrigerio,Bandeja|Cerdo|Pulpo|Camarón
Arroz del puerto,Sopa|Cebolla|Verduras|Cerdo
Arroz Mediterraneo,Plato Secundario|Papas a la Francesa|Maduro|Camarón
Refrigerio,Postre|Pollo|Ostras|Cebolla
Arroz llanero,Adicionales|Costilla|Camarón|Papas
Arroz llanero,Plato Secundario|Lechuga|Pulpo|Cabano
Arroz del puerto,Postre|Lechuga|Jamón|Papas a la Francesa
Arroz a la barbacoa,Adicionales|Pollo|Papas|Jamón
Arroz llanero,Bandeja|Chuleta|Papas|Pollo
Refrigerio,Adicionales|Pulpo|Jamón|Chorizo
Lumpias,Plato Secundario|Cerdo|Lomo Biche|Papas a la Francesa
Papas a la Francesa,Adicionales|Ostras|Lomo Biche|Maduro
Lumpias,Plato Secundario|Cabano|Lechuga|Lechuga
Arroz Mediterraneo,Sopa|Pollo|Ostras|Chorizo
Chop Suey,Adicionales|Batavia|Lechuga|Maduro
Arroz Oriental,Plato Secundario|Chorizo|Lomo Biche|Maduro
Lumpias,Adicionales|Chorizo|Maduro|Pollo
Lumpias,Adicionales|Jamón|Cabano|Costilla
Chop Suey,Bandeja|Verduras|Costilla|Chorizo
Desayuno,Bandeja|Batavia|Papas a la Francesa|Chorizo
Arroz a la barbacoa,Adicionales|Cebolla|Cerdo|Lomo Biche
Arroz Vegetariano,Plato Secundario|Chicharron|Verduras|Ostras
Arroz Colombiano,Postre|Chuleta|Papas|Verduras
Arroz Mediterraneo,Postre|Jamón|Costilla|Batavia
Arroz del puerto,Postre|Pulpo|Chuleta|Batavia
Chop Suey,Bandeja|Papas|Cabano|Lomo Biche
Papas a la Francesa,Postre|Camarón|Maduro|Lomo Biche
Chop Suey,Bebida|Verduras|Lomo Biche|Costilla
Arroz Mediterraneo,Plato Secundario|Cabano|Pollo|Lomo Biche
Arroz Oriental,Adicionales|Chuleta|Maduro|Papas
Arroz a la barbacoa,Bebida|Cerdo|Costilla|Pulpo
Papas a la Francesa,Sopa|Costilla|Lomo Biche|Camarón
Arroz Vegetariano,Plato Secundario|Verduras|Costilla|Lechuga
Refrigerio,Plato Secundario|Camarón|Lechuga|Lomo Biche
Arroz Mediterraneo,Adicionales|Chicharron|Costilla|Verduras
Arroz llanero,Plato Secundario|Jamón|Pollo|Chuleta
Arroz del puerto,Postre|Cebolla|Batavia|Pulpo
Arroz Vegetariano,Postre|Camarón|Batavia|Cabano
Refrigerio,Adicionales|Batavia|Pulpo|Jamón
Lumpias,Postre|Lechuga|Lomo Biche|Cabano
Chop Suey,Bandeja|Maduro|Chicharron|Camarón
Arroz a la barbacoa,Adicionales|Costilla|Costilla|Ostras
Arroz Oriental,Plato Secundario|Chicharron|Batavia|Cebolla
Arroz Mediterraneo,Plato Secundario|Cebolla|Pulpo|Lomo Biche
Desayuno,Postre|Lechuga|Chicharron|Cabano
Arroz llanero,Bandeja|Camarón|Batavia|Pulpo
Desayuno,Bandeja|Chuleta|Cebolla|Jamón
Arroz Oriental,Adicionales|Maduro|Chorizo|Chicharron
Desayuno,Bandeja|Pulpo|Cerdo|Chicharron
Arroz del puerto,Adicionales|Lomo Biche|Camarón|Cabano
Desayuno,Plato Secundario|Lomo Biche|Chicharron|Chicharron
Desayuno,Plato Secundario|Chorizo|Chorizo|Camarón
Arroz Colombiano,Postre|Ostras|Lomo Biche|Papas
Refrigerio,Bandeja|Cerdo|Cabano|Papas a la Francesa
Arroz Oriental,Bandeja|Papas a la Francesa|Lechuga|Jamón
Chop Suey,Postre|Verduras|Cebolla|Ostras
Chop Suey,Plato Secundario|Lomo Biche|Pulpo|Ostras
Lumpias,Postre|Cabano|Chorizo|Camarón
Arroz del puerto,Bebida|Cebolla|Cabano|Ostras
Arroz Vegetariano,Sopa|Costilla|Chorizo|Batavia
Arroz Mediterraneo,Adicionales|Cerdo|Lomo Biche|Chicharron
Papas a la Francesa,Postre|Papas|Chicharron|Maduro
Arroz Vegetariano,Adicionales|Papas|Costilla|Pulpo
Chop Suey,Bebida|Chicharron|Ostras|Cebolla
Arroz del puerto,Bandeja|Lechuga|Pollo|Cabano
Arroz Vegetariano,Sopa|Costilla|Pollo|Pulpo
Arroz a la barbacoa,Plato Secundario|Verduras|Chuleta|Chorizo
Arroz Colombiano,Sopa|Papas|Lechuga|Costilla
Desayuno,Bebida|Cabano|Cebolla|Chorizo
Desayuno,Bandeja|Chicharron|Chuleta|Chicharron
Arroz Vegetariano,Bandeja|Cebolla|Maduro|Lechuga
Refrigerio,Plato Secundario|Verduras|Pollo|Chuleta
Papas a la Francesa,Plato Secundario|Chuleta|Maduro|Ostras
Chop Suey,Plato Secundario|Cebolla|Lechuga|Maduro
Lumpias,Bebida|Chuleta|Chorizo|Costilla
Arroz llanero,Plato Secundario|Batavia|Batavia|Lomo Biche
Arroz llanero,Plato Secundario|Lomo Biche|Costilla|Pollo
Arroz llanero,Adicionales|Batavia|Ostras|Jamón
Arroz del puerto,Bandeja|Costilla|Lomo Biche|Chorizo
Arroz Vegetariano,Sopa|Chuleta|Jamón|Ostras
Papas a la Francesa,Plato Secundario|Pollo|Cerdo|Lechuga
Chop Suey,Adicionales|Cabano|Pollo|Chicharron
Lumpias,Sopa|Pulpo|Chicharron|Lechuga
Lumpias,Plato Secundario|Batavia|Cabano|Chicharron
Chop Suey,Sopa|Pulpo|Cabano|Chicharron
Chop Suey,Postre|Pollo|Chuleta|Chicharron
Arroz a la barbacoa,Plato Secundario|Cebolla|Chicharron|Cebolla
Arroz a la barbacoa,Bebida|Ostras|Cebolla|Lomo Biche
Arroz Mediterraneo,Bebida|Pollo|Costilla|Cabano
Refrigerio,Postre|Cebolla|Camarón|Camarón
Desayuno,Postre|Papas a la Francesa|Costilla|Pulpo
Papas a la Francesa,Sopa|Lomo Biche|Pollo|Maduro
Refrigerio,Sopa|Lechuga|Cebolla|Ostras
Arroz Vegetariano,Postre|Ostras|Lechuga|Cabano
Papas a la Francesa,Plato Secundario|Costilla|Lechuga|Chorizo
Arroz Colombiano,Sopa|Cabano|Pollo|Cebolla
Lumpias,Plato Secundario|Cerdo|Verduras|Chorizo
Desayuno,Adicionales|Cebolla|Verduras|Chuleta
Arroz llanero,Sopa|Pollo|Jamón|Pulpo
Chop Suey,Postre|Chicharron|Camarón|Jamón
Papas a la Francesa,Bandeja|Cerdo|Camarón|Costilla
Lumpias,Plato Secundario|Costilla|Cebolla|Batavia
Arroz Colombiano,Postre|Chorizo|Pulpo|Batavia
Arroz Mediterraneo,Bebida|Jamón|Cebolla|Pollo
Chop Suey,Adicionales|Papas a la Francesa|Ostras|Batavia
Arroz Oriental,Plato Secundario|Pulpo|Cebolla|Chuleta
Arroz Colombiano,Bandeja|Ostras|Cerdo|Camarón
Desayuno,Postre|Camarón|Papas a la Francesa|Pollo
Papas a la Francesa,Adicionales|Papas a la Francesa|Chorizo|Cebolla
Arroz Oriental,Plato Secundario|Batavia|Verduras|Costilla
Arroz a la barbacoa,Postre|Costilla|Lomo Biche|Ostras
Papas a la Francesa,Plato Secundario|Papas a la Francesa|Lechuga|Cerdo
Arroz llanero,Adicionales|Ostras|Ostras|Ostras
Arroz del puerto,Postre|Papas a la Francesa|Ostras|Chuleta
Arroz a la barbacoa,Postre|Costilla|Camarón|Chuleta
Arroz Vegetariano,Bebida|Costilla|Lomo Biche|Pulpo
Arroz a la barbacoa,Sopa|Cabano|Verduras|Batavia
Chop Suey,Sopa|Cabano|Maduro|Camarón
Papas a la Francesa,Plato Secundario|Cabano|Maduro|Lechuga
Arroz Mediterraneo,Bandeja|Cerdo|Lomo Biche|Camarón
Arroz del puerto,Bebida|Chorizo|Lomo Biche|Papas a la Francesa
Refrigerio,Postre|Verduras|Papas a la Francesa|Pulpo
Lumpias,Bandeja|Lomo Biche|Chicharron|Pulpo
Arroz a la barbacoa,Bebida|Lechuga|Lomo Biche|Cebolla
Arroz llanero,Bebida|Chicharron|Batavia|Pulpo
Arroz Colombiano,Sopa|Papas|Jamón|Chicharron
Lumpias,Sopa|Chuleta|Papas|Jamón
Papas a la Francesa,Sopa|Pollo|Camarón|Camarón
Arroz Colombiano,Postre|Pollo|Lomo Biche|Chorizo
Desayuno,Postre|Cebolla|Lomo Biche|Pollo
Arroz Mediterraneo,Bandeja|Pollo|Lechuga|Maduro
Arroz del puerto,Bandeja|Ostras|Chorizo|Costilla
Arroz llanero,Bebida|Lechuga|Camarón|Costilla
Arroz del puerto,Adicionales|Lomo Biche|Batavia|Chuleta
Arroz Mediterraneo,Bebida|Cabano|Papas|Papas
Arroz Vegetariano,Sopa|Verduras|Batavia|Chorizo
Lumpias,Plato Secundario|Batavia|Pulpo|Pollo
Lumpias,Postre|Ostras|Costilla|Costilla
Arroz Colombiano,Postre|Maduro|Jamón|Lomo Biche
Arroz Oriental,Bebida|Pollo|Papas a la Francesa|Lechuga
Arroz Colombiano,Adicionales|Lomo Biche|Lechuga|Cabano
Arroz Vegetariano,Plato Secundario|Camarón|Cerdo|Chuleta
Desayuno,Adicionales|Chorizo|Chorizo|Lechuga
Arroz Oriental,Plato Secundario|Costilla|Chorizo|Verduras
Arroz Mediterraneo,Postre|Papas a la Francesa|Ostras|Chorizo
Papas a la Francesa,Bebida|Cebolla|Jamón|Papas
Arroz Colombiano,Sopa|Maduro|Cebolla|Lomo Biche
Arroz Mediterraneo,Postre|Chuleta|Lechuga|Cebolla
Arroz Oriental,Sopa|Costilla|Chorizo|Costilla
Papas a la Francesa,Plato Secundario|Jamón|Cabano|Verduras
Desayuno,Bebida|Lomo Biche|Verduras|Chuleta
Arroz del puerto,Plato Secundario|Papas a la Francesa|Papas|Costilla
Chop Suey,Bandeja|Batavia|Lechuga|Chicharron
Refrigerio,Sopa|Chicharron|Ostras|Cabano
Arroz Vegetariano,Adicionales|Verduras|Batavia|Pulpo
Chop Suey,Postre|Chorizo|Batavia|Papas
Chop Suey,Sopa|Cebolla|Cerdo|Cabano
Chop Suey,Postre|Costilla|Lechuga|Batavia
Chop Suey,Postre|Cerdo|Camarón|Chorizo
Arroz llanero,Bebida|Pollo|Chuleta|Cerdo
Chop Suey,Bebida|Pulpo|Cebolla|Papas a la Francesa
Arroz Mediterraneo,Plato Secundario|Maduro|Chuleta|Chorizo
Chop Suey,Bandeja|Ostras|Chicharron|Chicharron
Arroz Colombiano,Sopa|Cerdo|Costilla|Ostras
Refrigerio,Adicionales|Chicharron|Pollo|Pollo
Refrigerio,Bandeja|Verduras|Pollo|Pulpo
Desayuno,Bandeja|Papas a la Francesa|Maduro|Chuleta
Desayuno,Postre|Chuleta|Papas|Cebolla
Arroz del puerto,Plato Secundario|Chuleta|Pulpo|Cebolla
Arroz Vegetariano,Bebida|Chicharron|Ostras|Camarón
Refrigerio,Bebida|Maduro|Chorizo|Batavia
Arroz Colombiano,Plato Secundario|Costilla|Chuleta|Verduras
Arroz llanero,Adicionales|Papas|Camarón|Costilla
Arroz Colombiano,Adicionales|Lechuga|Camarón|Papas a la Francesa
Arroz llanero,Adicionales|Ostras|Papas a la Francesa|Ostras
Arroz a la barbacoa,Adicionales|Chorizo|Lomo Biche|Costilla
Papas a la Francesa,Adicionales|Batavia|Chuleta|Papas a la Francesa
Desayuno,Plato Secundario|Chorizo|Camarón|Lomo Biche
Refrigerio,Postre|Costilla|Cabano|Maduro
Arroz Oriental,Adicionales|Jamón|Chicharron|Ostras
Arroz llanero,Bebida|Costilla|Pulpo|Camarón
Arroz llanero,Postre|Batavia|Cerdo|Cerdo
Arroz del puerto,Sopa|Camarón|Lechuga|Cebolla
Arroz Vegetariano,Adicionales|Jamón|Pollo|Chuleta
Arroz llanero,Bebida|Camarón|Chicharron|Chuleta
Desayuno,Postre|Chicharron|Cebolla|Costilla
Arroz del puerto,Bandeja|Batavia|Lomo Biche|Jamón
Arroz del puerto,Postre|Chicharron|Verduras|Batavia
Arroz Colombiano,Plato Secundario|Costilla|Jamón|Chorizo
Refrigerio,Bebida|Batavia|Cerdo|Costilla
Arroz Colombiano,Plato Secundario|Camarón|Ostras|Cebolla
Arroz Vegetariano,Postre|Papas|Verduras|Chicharron
Arroz del puerto,Postre|Camarón|Cebolla|Chicharron
Lumpias,Bandeja|Cabano|Batavia|Chuleta
Arroz a la barbacoa,Adicionales|Chorizo|Chorizo|Cabano
Arroz a la barbacoa,Bandeja|Chicharron|Camarón|Papas
Arroz llanero,Bebida|Chuleta|Maduro|Costilla
Papas a la Francesa,Plato Secundario|Batavia|Costilla|Costilla
Arroz Oriental,Adicionales|Cerdo|Batavia|Pollo
Arroz llanero,Plato Secundario|Pulpo|Verduras|Lomo Biche
Chop Suey,Adicionales|Camarón|Chorizo|Cabano
Desayuno,Plato Secundario|Costilla|Verduras|Verduras
Arroz del puerto,Bandeja|Chicharron|Chuleta|Chicharron
Refrigerio,Sopa|Chicharron|Chicharron|Lomo Biche
Arroz del puerto,Bebida|Papas a la Francesa|Jamón|Chorizo
Desayuno,Adicionales|Cabano|Lomo Biche|Chorizo
Lumpias,Postre|Costilla|Lechuga|Camarón
Chop Suey,Bebida|Papas|Chicharron|Lomo Biche
Arroz Oriental,Bebida|Batavia|Chuleta|Cebolla
Arroz Colombiano,Adicionales|Maduro|Chicharron|Chicharron
Chop Suey,Adicionales|Maduro|Chicharron|Batavia
Arroz Colombiano,Sopa|Pollo|Batavia|Cebolla
Refrigerio,Bandeja|Pulpo|Chuleta|Costilla
Arroz Mediterraneo,Bandeja|Pulpo|Costilla|Verduras
Arroz Vegetariano,Bebida|Costilla|Cabano|Verduras
Desayuno,Bandeja|Verduras|Papas a la Francesa|Lechuga
Arroz Oriental,Sopa|Chuleta|Maduro|Ostras
Lumpias,Adicionales|Maduro|Pulpo|Jamón
Lumpias,Bandeja|Papas|Batavia|Ostras
Papas a la Francesa,Bandeja|Ostras|Lechuga|Batavia
Refrigerio,Adicionales|Cerdo|Lomo Biche|Chicharron
Desayuno,Adicionales|Jamón|Chorizo|Batavia
Arroz Colombiano,Bebida|Papas a la Francesa|Camarón|Papas
Papas a la Francesa,Plato Secundario|Lechuga|Chorizo|Chicharron
Lumpias,Bebida|Ostras|Jamón|Cabano
Arroz a la barbacoa,Plato Secundario|Maduro|Lomo Biche|Jamón
Arroz del puerto,Bebida|Pollo|Cebolla|Jamón
Arroz Oriental,Bandeja|Maduro|Cebolla|Costilla
Refrigerio,Postre|Cerdo|Jamón|Verduras
Chop Suey,Plato Secundario|Maduro|Ostras|Cabano
Refrigerio,Sopa|Jamón|Cebolla|Cebolla
Arroz Colombiano,Bandeja|Chorizo|Lechuga|Cabano
Desayuno,Plato Secundario|Chorizo|Maduro|Maduro
Arroz Colombiano,Plato Secundario|Cebolla|Lomo Biche|Camarón
Arroz del puerto,Adicionales|Costilla|Costilla|Maduro
Arroz llanero,Plato Secundario|Lechuga|Chicharron|Maduro
Refrigerio,Postre|Chicharron|Pulpo|Cebolla
Papas a la Francesa,Adicionales|Pulpo|Cebolla|Verduras
Arroz del puerto,Bandeja|Camarón|Pollo|Cabano
Arroz del puerto,Plato Secundario|Costilla|Camarón|Lomo Biche
Desayuno,Bandeja|Chuleta|Maduro|Chuleta
Arroz Oriental,Sopa|Verduras|Costilla|Cabano
Chop Suey,Postre|Lechuga|Lechuga|Papas
Arroz Vegetariano,Plato Secundario|Maduro|Lomo Biche|Chorizo
Arroz a la barbacoa,Plato Secundario|Cebolla|Verduras|Lomo Biche
Papas a la Francesa,Bandeja|Costilla|Cerdo|Chorizo
Papas a la Francesa,Plato Secundario|Costilla|Papas|Camarón
Arroz Oriental,Sopa|Lechuga|Verduras|Batavia
Arroz Colombiano,Plato Secundario|Pollo|Maduro|Pollo
Arroz Mediterraneo,Sopa|Cerdo|Cerdo|Papas
Papas a la Francesa,Plato Secundario|Jamón|Ostras|Verduras
Arroz a la barbacoa,Postre|Batavia|Maduro|Papas a la Francesa
Arroz Vegetariano,Plato Secundario|Cabano|Chorizo|Lomo Biche
Arroz Mediterraneo,Postre|Lomo Biche|Ostras|Ostras
Arroz a la barbacoa,Plato Secundario|Cerdo|Pollo|Papas
Arroz Oriental,Plato Secundario|Chicharron|Lechuga|Chorizo
Arroz Vegetariano,Sopa|Papas|Costilla|Papas
Arroz Mediterraneo,Plato Secundario|Papas a la Francesa|Pulpo|Chorizo
Arroz Oriental,Adicionales|Chuleta|Lomo Biche|Papas
Lumpias,Bandeja|Chicharron|Jamón|Pulpo
Lumpias,Sopa|Cabano|Papas a la Francesa|Lomo Biche
Arroz Oriental,Bandeja|Lomo Biche|Papas a la Francesa|Lomo Biche
Arroz del puerto,Plato Secundario|Lomo Biche|Chicharron|Cabano
Arroz Oriental,Postre|Chicharron|Verduras|Chicharron
Arroz del puerto,Sopa|Jamón|Jamón|Chuleta
Arroz a la barbacoa,Bebida|Chicharron|Verduras|Lomo Biche
Refrigerio,Bebida|Maduro|Batavia|Cabano
Arroz a la barbacoa,Plato Secundario|Jamón|Costilla|Cerdo
Desayuno,Adicionales|Maduro|Ostras|Maduro
Arroz Oriental,Adicionales|Ostras|Pulpo|Chorizo
Arroz del puerto,Bebida|Maduro|Batavia|Cerdo
Chop Suey,Adicionales|Costilla|Costilla|Pulpo
Arroz Mediterraneo,Bandeja|Maduro|Cabano|Pollo
Arroz Vegetariano,Plato Secundario|Chicharron|Chorizo|Pollo
Chop Suey,Adicionales|Cebolla|Batavia|Chuleta
Arroz Vegetariano,Bandeja|Papas a la Francesa|Lomo Biche|Pollo
Lumpias,Bandeja|Chuleta|Jamón|Chicharron
Desayuno,Plato Secundario|Ostras|Jamón|Chicharron
Arroz Oriental,Bebida|Ostras|Jamón|Camarón
Chop Suey,Bandeja|Cerdo|Jamón|Chuleta
Arroz Colombiano,Sopa|Costilla|Jamón|Ostras
Arroz Colombiano,Plato Secundario|Papas a la Francesa|Pulpo|Cerdo
Desayuno,Postre|Camarón|Lomo Biche|Papas
Refrigerio,Adicionales|Cabano|Batavia|Verduras
Papas a la Francesa,Plato Secundario|Batavia|Papas a la Francesa|Papas a la Francesa
Papas a la Francesa,Sopa|Costilla|Chorizo|Pulpo
Arroz del puerto,Bebida|Papas a la Francesa|Pulpo|Lomo Biche
Arroz Oriental,Plato Secundario|Camarón|Cabano|Jamón
Arroz llanero,Adicionales|Maduro|Maduro|Chicharron
Refrigerio,Sopa|Jamón|Pollo|Cerdo
Arroz Vegetariano,Sopa|Maduro|Maduro|Verduras
Arroz Colombiano,Bandeja|Chicharron|Papas a la Francesa|Lomo Biche
Papas a la Francesa,Bebida|Chuleta|Pulpo|Lomo Biche
Arroz Vegetariano,Bandeja|Chorizo|Chicharron|Pulpo
Papas a la Francesa,Postre|Chicharron|Pollo|Batavia
Desayuno,Plato Secundario|Cabano|Costilla|Cebolla
Refrigerio,Bandeja|Cerdo|Papas|Papas a la Francesa
Desayuno,Sopa|Chicharron|Chorizo|Cebolla
Desayuno,Postre|Costilla|Cebolla|Ostras
Refrigerio,Bandeja|Papas a la Francesa|Cerdo|Ostras
Arroz Colombiano,Sopa|Camarón|Verduras|Lomo Biche
Lumpias,Plato Secundario|Chorizo|Ostras|Chuleta
Arroz a la barbacoa,Postre|Lomo Biche|Maduro|Costilla
Arroz del puerto,Plato Secundario|Verduras|Batavia|Cebolla
Refrigerio,Bandeja|Chorizo|Chorizo|Maduro
Arroz Mediterraneo,Postre|Jamón|Cebolla|Cebolla
Refrigerio,Bebida|Batavia|Lechuga|Verduras
Arroz Colombiano,Plato Secundario|Jamón|Chorizo|Chicharron
Desayuno,Sopa|Lomo Biche|Chicharron|Chorizo
Arroz llanero,Bebida|Cebolla|Camarón|Chorizo
Arroz Oriental,Adicionales|Lomo Biche|Chuleta|Camarón
Arroz a la barbacoa,Postre|Pulpo|Verduras|Maduro
Refrigerio,Plato Secundario|Jamón|Pollo|Chicharron
Desayuno,Sopa|Papas|Chorizo|Lomo Biche
Refrigerio,Postre|Chicharron|Cabano|Papas
Chop Suey,Adicionales|Maduro|Papas a la Francesa|Papas a la Francesa
Papas a la Francesa,Adicionales|Cabano|Maduro|Verduras
Papas a la Francesa,Sopa|Costilla|Ostras|Jamón
Arroz del puerto,Adicionales|Papas a la Francesa|Jamón|Lechuga
Chop Suey,Sopa|Pollo|Lomo Biche|Pulpo
Arroz llanero,Bebida|Cerdo|Camarón|Cerdo
Lumpias,Postre|Costilla|Cerdo|Verduras
Arroz llanero,Bebida|Chorizo|Maduro|Papas
Arroz a la barbacoa,Sopa|Cebolla|Pulpo|Ostras
Refrigerio,Postre|Batavia|Costilla|Pulpo
Lumpias,Postre|Ostras|Papas|Camarón
Arroz del puerto,Sopa|Batavia|Jamón|Cerdo
Lumpias,Bandeja|Pollo|Lomo Biche|Pollo
Chop Suey,Sopa|Papas|Chicharron|Papas
Lumpias,Sopa|Pollo|Lomo Biche|Camarón
Desayuno,Bebida|Batavia|Ostras|Ostras
Arroz Mediterraneo,Adicionales|Pulpo|Pulpo|Lomo Biche
Arroz a la barbacoa,Sopa|Costilla|Lechuga|Cabano
Arroz del puerto,Bandeja|Batavia|Chicharron|Pollo
Arroz Colombiano,Bandeja|Jamón|Costilla|Papas
Desayuno,Bandeja|Maduro|Maduro|Papas a la Francesa
Papas a la Francesa,Bandeja|Cabano|Ostras|Chicharron
Arroz a la barbacoa,Sopa|Pulpo|Cebolla|Camarón
Arroz del puerto,Plato Secundario|Ostras|Chicharron|Costilla
Arroz Mediterraneo,Plato Secundario|Pulpo|Cabano|Costilla
Desayuno,Plato Secundario|Camarón|Lechuga|Chicharron
Arroz a la barbacoa,Sopa|Cerdo|Pulpo|Costilla
Arroz Oriental,Bebida|Ostras|Papas|Verduras
Arroz a la barbacoa,Adicionales|Lomo Biche|Pulpo|Chuleta
Arroz Vegetariano,Sopa|Ostras|Papas a la Francesa|Cebolla
Arroz a la barbacoa,Plato Secundario|Cabano|Verduras|Batavia
Arroz del puerto,Sopa|Cabano|Chorizo|Cerdo
Chop Suey,Bandeja|Papas a la Francesa|Pollo|Chuleta
Arroz Colombiano,Bandeja|Pulpo|Jamón|Chorizo
Arroz Oriental,Plato Secundario|Camarón|Chuleta|Verduras
Papas a la Francesa,Adicionales|Chuleta|Costilla|Pulpo
Lumpias,Adicionales|Papas a la Francesa|Chorizo|Batavia
Arroz llanero,Adicionales|Maduro|Papas|Chicharron
Arroz Oriental,Sopa|Papas a la Francesa|Chorizo|Camarón
Desayuno,Bebida|Verduras|Chicharron|Cebolla
Papas a la Francesa,Bandeja|Cerdo|Batavia|Lomo Biche
Arroz Mediterraneo,Adicionales|Lomo Biche|Chicharron|Chorizo
Arroz Oriental,Adicionales|Papas|Verduras|Maduro
Arroz Colombiano,Plato Secundario|Chuleta|Jamón|Chuleta
Arroz a la barbacoa,Plato Secundario|Cabano|Chuleta|Cerdo
Arroz llanero,Bebida|Papas a la Francesa|Chorizo|Ostras
Papas a la Francesa,Bebida|Camarón|Papas|Pulpo
Papas a la Francesa,Bandeja|Lechuga|Ostras|Chicharron
Arroz llanero,Bebida|Pollo|Lechuga|Cebolla
Refrigerio,Bebida|Verduras|Pollo|Ostras
Chop Suey,Adicionales|Pollo|Pulpo|Chorizo
Refrigerio,Postre|Chuleta|Lomo Biche|Batavia
Arroz Colombiano,Bandeja|Camarón|Maduro|Lechuga
Lumpias,Postre|Chorizo|Camarón|Cebolla
Arroz Oriental,Sopa|Cerdo|Cerdo|Ostras
Papas a la Francesa,Bandeja|Camarón|Costilla|Lechuga
Arroz llanero,Bebida|Lechuga|Cebolla|Cabano
Arroz Oriental,Bebida|Pulpo|Verduras|Maduro
Papas a la Francesa,Bandeja|Jamón|Chuleta|Papas
Arroz Colombiano,Plato Secundario|Cebolla|Lechuga|Cerdo
Arroz a la barbacoa,Bandeja|Pollo|Ostras|Papas a la Francesa
Arroz del puerto,Postre|Ostras|Jamón|Chorizo
Arroz del puerto,Plato Secundario|Cebolla|Papas a la Francesa|Pollo
Arroz del puerto,Postre|Costilla|Costilla|Chorizo
Arroz Vegetariano,Postre|Jamón|Cerdo|Verduras
Arroz Colombiano,Plato Secundario|Papas a la Francesa|Papas|Chorizo
Desayuno,Adicionales|Papas a la Francesa|Papas a la Francesa|Chorizo
Papas a la Francesa,Bandeja|Cabano|Cerdo|Verduras
Refrigerio,Postre|Cabano|Batavia|Chorizo
Arroz Mediterraneo,Bebida|Camarón|Papas a la Francesa|Chuleta
Arroz Oriental,Postre|Jamón|Papas|Pollo
Papas a la Francesa,Plato Secundario|Cebolla|Cerdo|Pulpo
Arroz del puerto,Bebida|Chuleta|Camarón|Batavia
Arroz del puerto,Postre|Papas|Papas|Papas
Arroz a la barbacoa,Plato Secundario|Jamón|Lomo Biche|Chuleta
Arroz a la barbacoa,Bebida|Papas a la Francesa|Maduro|Cebolla
Desayuno,Sopa|Chicharron|Camarón|Ostras
Arroz llanero,Bandeja|Maduro|Pollo|Cabano
Papas a la Francesa,Bebida|Verduras|Lechuga|Jamón
Desayuno,Postre|Lomo Biche|Lomo Biche|Chicharron
Arroz a la barbacoa,Postre|Ostras|Lomo Biche|Jamón
Arroz llanero,Postre|Cebolla|Pulpo|Pulpo
Lumpias,Postre|Chuleta|Chorizo|Ostras
Arroz Colombiano,Adicionales|Papas a la Francesa|Jamón|Papas
Arroz Oriental,Bandeja|Chicharron|Cerdo|Maduro
Desayuno,Postre|Cebolla|Chorizo|Costilla
Arroz Oriental,Bandeja|Chicharron|Chicharron|Verduras
Desayuno,Bandeja|Pulpo|Jamón|Batavia
Arroz Vegetariano,Postre|Chicharron|Pollo|Maduro
Arroz Vegetariano,Adicionales|Chicharron|Chicharron|Chuleta
Arroz Vegetariano,Bandeja|Costilla|Batavia|Cabano
Arroz Vegetariano,Postre|Pollo|Costilla|Verduras
Arroz llanero,Bandeja|Cabano|Jamón|Maduro
Lumpias,Bebida|Cebolla|Ostras|Papas a la Francesa
Chop Suey,Postre|Pollo|Cabano|Lomo Biche
Desayuno,Postre|Papas a la Francesa|Lomo Biche|Camarón
Arroz Colombiano,Plato Secundario|Cebolla|Jamón|Costilla
Arroz Oriental,Plato Secundario|Jamón|Lomo Biche|Cabano
Lumpias,Sopa|Verduras|Ostras|Jamón
Papas a la Francesa,Plato Secundario|Batavia|Costilla|Chorizo
Desayuno,Bebida|Camarón|Papas a la Francesa|Pulpo
Arroz Oriental,Postre|Costilla|Ostras|Cabano
Arroz Vegetariano,Adicionales|Lechuga|Lechuga|Jamón
Papas a la Francesa,Bebida|Chuleta|Costilla|Pulpo
Arroz Colombiano,Adicionales|Pulpo|Cabano|Chorizo
Papas a la Francesa,Postre|Papas a la Francesa|Chorizo|Chorizo
Arroz Vegetariano,Adicionales|Camarón|Verduras|Chuleta
Arroz llanero,Sopa|Lechuga|Chorizo|Jamón
Arroz a la barbacoa,Adicionales|Maduro|Chicharron|Maduro
Arroz Colombiano,Postre|Papas|Papas a la Francesa|Cabano
Arroz Mediterraneo,Bandeja|Cebolla|Papas|Chuleta
Arroz Colombiano,Postre|Verduras|Pollo|Pulpo
Arroz Vegetariano,Postre|Cabano|Pollo|Ostras
Chop Suey,Sopa|Chicharron|Lomo Biche|Cebolla
Arroz llanero,Bandeja|Cabano|Verduras|Pulpo
Arroz llanero,Postre|Ostras|Cebolla|Costilla
Arroz llanero,Sopa|Cabano|Verduras|Batavia
Chop Suey,Plato Secundario|Batavia|Papas|Lomo Biche
Arroz Mediterraneo,Bebida|Papas a la Francesa|Maduro|Lomo Biche
Refrigerio,Plato Secundario|Lechuga|Papas|Cabano
Arroz Mediterraneo,Bandeja|Chorizo|Cabano|Chorizo
Arroz Mediterraneo,Postre|Verduras|Ostras|Camarón
Refrigerio,Sopa|Cabano|Chicharron|Lechuga
Refrigerio,Postre|Pulpo|Papas|Jamón
Arroz Mediterraneo,Bandeja|Maduro|Lomo Biche|Chuleta
Chop Suey,Sopa|Verduras|Cebolla|Pollo
Arroz Oriental,Plato Secundario|Chuleta|Chorizo|Pulpo
Desayuno,Bebida|Ostras|Pulpo|Lomo Biche
Arroz Colombiano,Postre|Ostras|Chuleta|Cebolla
Arroz Vegetariano,Bebida|Batavia|Costilla|Papas a la Francesa
Arroz a la barbacoa,Postre|Cebolla|Chicharron|Lechuga
Arroz Vegetariano,Sopa|Cabano|Costilla|Camarón
Arroz del puerto,Postre|Lechuga|Chicharron|Jamón
Arroz Oriental,Postre|Chorizo|Papas|Chorizo
Arroz a la barbacoa,Adicionales|Cebolla|Maduro|Chorizo
Refrigerio,Adicionales|Papas a la Francesa|Costilla|Cabano
Lumpias,Sopa|Batavia|Cerdo|Cerdo
Chop Suey,Postre|Chorizo|Cerdo|Batavia
Arroz Colombiano,Postre|Jamón|Cerdo|Ostras
Arroz Oriental,Bebida|Maduro|Papas a la Francesa|Cebolla
Arroz Colombiano,Adicionales|Maduro|Papas a la Francesa|Verduras
Arroz llanero,Bandeja|Verduras|Jamón|Cebolla
Arroz Colombiano,Bandeja|Batavia|Jamón|Lomo Biche
Desayuno,Bebida|Pulpo|Cebolla|Batavia
Papas a la Francesa,Bebida|Cabano|Ostras|Costilla
Papas a la Francesa,Sopa|Chorizo|Lomo Biche|Maduro
Arroz del puerto,Plato Secundario|Camarón|Chicharron|Cebolla
Papas a la Francesa,Bebida|Lomo Biche|Jamón|Chuleta
Arroz del puerto,Sopa|Lomo Biche|Cerdo|Pulpo
Papas a la Francesa,Bandeja|Jamón|Maduro|Cebolla
Papas a la Francesa,Plato Secundario|Cabano|Maduro|Papas a la Francesa
Refrigerio,Bebida|Cebolla|Cabano|Pollo
Arroz Mediterraneo,Bandeja|Chicharron|Cerdo|Jamón
Arroz a la barbacoa,Sopa|Papas|Pollo|Papas
Arroz Colombiano,Adicionales|Batavia|Cerdo|Pulpo
Arroz Colombiano,Postre|Chicharron|Chicharron|Cabano
Arroz Vegetariano,Bandeja|Lechuga|Cabano|Pollo
Desayuno,Adicionales|Chuleta|Lomo Biche|Papas
Arroz Oriental,Plato Secundario|Papas a la Francesa|Jamón|Lomo Biche
Papas a la Francesa,Adicionales|Cerdo|Pollo|Papas
Arroz del puerto,Plato Secundario|Cerdo|Batavia|Cebolla
Papas a la Francesa,Adicionales|Camarón|Ostras|Chicharron
Arroz Vegetariano,Sopa|Chicharron|Chorizo|Maduro
Papas a la Francesa,Bebida|Lechuga|Verduras|Pulpo
Arroz Oriental,Adicionales|Lechuga|Papas|Chorizo
Arroz del puerto,Plato Secundario|Lomo Biche|Costilla|Pollo
Papas a la Francesa,Sopa|Cabano|Cabano|Chicharron
Arroz Oriental,Postre|Batavia|Chorizo|Papas a la Francesa
Arroz Oriental,Sopa|Ostras|Chorizo|Cerdo
Arroz a la barbacoa,Sopa|Camarón|Costilla|Jamón
Arroz llanero,Bebida|Pollo|Jamón|Pulpo
Arroz Colombiano,Postre|Chorizo|Camarón|Maduro
Refrigerio,Plato Secundario|Ostras|Maduro|Batavia
Papas a la Francesa,Bebida|Jamón|Camarón|Ostras
Arroz Oriental,Plato Secundario|Cebolla|Cebolla|Camarón
Arroz a la barbacoa,Bandeja|Costilla|Chuleta|Pulpo
Arroz Oriental,Bandeja|Lomo Biche|Costilla|Chorizo
Refrigerio,Sopa|Pollo|Cerdo|Costilla
Papas a la Francesa,Adicionales|Cerdo|Camarón|Cebolla
Papas a la Francesa,Bebida|Papas|Maduro|Chicharron
Arroz del puerto,Bebida|Chicharron|Camarón|Lechuga
Lumpias,Sopa|Chicharron|Chicharron|Pulpo
Papas a la Francesa,Plato Secundario|Cerdo|Maduro|Jamón
Lumpias,Bebida|Ostras|Jamón|Lechuga
Arroz a la barbacoa,Postre|Lechuga|Chuleta|Cerdo
Papas a la Francesa,Plato Secundario|Camarón|Jamón|Maduro
Papas a la Francesa,Sopa|Lechuga|Cebolla|Cerdo
Arroz Vegetariano,Bebida|Lechuga|Chorizo|Pulpo
Papas a la Francesa,Bandeja|Jamón|Pulpo|Papas
Arroz Mediterraneo,Plato Secundario|Costilla|Cabano|Chorizo
Arroz Colombiano,Bandeja|Verduras|Lechuga|Lechuga
Arroz del puerto,Plato Secundario|Cebolla|Costilla|Pulpo
Arroz llanero,Postre|Batavia|Lechuga|Chorizo
Arroz Colombiano,Bebida|Chicharron|Jamón|Cerdo
Arroz Vegetariano,Bandeja|Papas|Cabano|Papas a la Francesa
Arroz Oriental,Sopa|Pulpo|Papas|Cerdo
Arroz a la barbacoa,Postre|Camarón|Papas a la Francesa|Lomo Biche
Lumpias,Postre|Chorizo|Verduras|Chicharron
Arroz llanero,Sopa|Papas a la Francesa|Papas a la Francesa|Ostras
Arroz llanero,Adicionales|Cebolla|Cabano|Chuleta
Arroz Oriental,Bandeja|Batavia|Jamón|Maduro
Refrigerio,Postre|Papas a la Francesa|Lechuga|Jamón
Arroz del puerto,Bandeja|Cebolla|Chuleta|Maduro
Arroz Vegetariano,Sopa|Jamón|Lomo Biche|Camarón
Chop Suey,Plato Secundario|Costilla|Cebolla|Lechuga
Arroz a la barbacoa,Adicionales|Cerdo|Pollo|Cabano
Arroz llanero,Postre|Batavia|Papas|Pulpo
Arroz llanero,Bebida|Chicharron|Cerdo|Chorizo
Refrigerio,Sopa|Chorizo|Pulpo|Papas
Arroz del puerto,Adicionales|Lechuga|Papas a la Francesa|Cerdo
Papas a la Francesa,Postre|Costilla|Cabano|Lechuga
Arroz Mediterraneo,Bebida|Costilla|Pollo|Camarón
Arroz llanero,Sopa|Verduras|Cerdo|Cerdo
Arroz Mediterraneo,Adicionales|Lomo Biche|Cebolla|Cebolla
Arroz a la barbacoa,Adicionales|Batavia|Cabano|Papas a la Francesa
Chop Suey,Bebida|Batavia|Batavia|Papas a la Francesa
Chop Suey,Bebida|Camarón|Cerdo|Papas
Arroz del puerto,Bandeja|Papas|Costilla|Pollo
Desayuno,Bandeja|Pulpo|Cabano|Jamón
Papas a la Francesa,Sopa|Jamón|Lomo Biche|Camarón
Papas a la Francesa,Adicionales|Maduro|Camarón|Lomo Biche
Lumpias,Sopa|Jamón|Lomo Biche|Batavia
Refrigerio,Postre|Papas a la Francesa|Batavia|Papas a la Francesa
Desayuno,Postre|Lechuga|Pulpo|Lomo Biche
Arroz llanero,Plato Secundario|Ostras|Pollo|Pollo
Arroz Colombiano,Adicionales|Papas|Cebolla|Chorizo
Arroz Vegetariano,Bebida|Cebolla|Papas|Batavia
Papas a la Francesa,Adicionales|Pollo|Chuleta|Costilla
Arroz Colombiano,Plato Secundario|Papas a la Francesa|Pollo|Lechuga
Arroz Mediterraneo,Bebida|Camarón|Jamón|Lomo Biche
Desayuno,Sopa|Batavia|Camarón|Pollo
Desayuno,Bandeja|Camarón|Verduras|Cerdo
Chop Suey,Adicionales|Chuleta|Pollo|Batavia
Arroz Mediterraneo,Sopa|Cerdo|Lechuga|Cerdo
Arroz Colombiano,Postre|Chorizo|Chicharron|Maduro
Chop Suey,Plato Secundario|Pulpo|Cebolla|Chorizo
Arroz Vegetariano,Bebida|Cebolla|Chuleta|Pollo
Arroz del puerto,Plato Secundario|Ostras|Cerdo|Cabano
Arroz Oriental,Plato Secundario|Cerdo|Batavia|Lomo Biche
Desayuno,Postre|Jamón|Papas|Maduro
Refrigerio,Postre|Cabano|Jamón|Maduro
Desayuno,Postre|Pollo|Chicharron|Chicharron
Papas a la Francesa,Adicionales|Pollo|Pulpo|Ostras
Arroz Oriental,Adicionales|Pulpo|Cabano|Papas a la Francesa
Arroz a la barbacoa,Plato Secundario|Lechuga|Papas a la Francesa|Chicharron
Chop Suey,Adicionales|Cebolla|Costilla|Cebolla
Arroz Mediterraneo,Adicionales|Jamón|Camarón|Papas a la Francesa
Arroz Mediterraneo,Sopa|Jamón|Batavia|Maduro
Chop Suey,Adicionales|Ostras|Camarón|Chorizo
Arroz llanero,Sopa|Pollo|Cebolla|Batavia
Arroz Oriental,Sopa|Lomo Biche|Costilla|Verduras
Arroz a la barbacoa,Postre|Pollo|Chorizo|Pulpo
Desayuno,Bandeja|Costilla|Pollo|Lechuga
Arroz Oriental,Bebida|Costilla|Jamón|Pollo
Arroz a la barbacoa,Postre|Pulpo|Chicharron|Chicharron
Arroz llanero,Sopa|Maduro|Papas|Pulpo
Arroz Colombiano,Bebida|Chorizo|Verduras|Maduro
Desayuno,Bandeja|Batavia|Maduro|Papas a la Francesa
Desayuno,Postre|Batavia|Lomo Biche|Pulpo
Arroz a la barbacoa,Sopa|Papas|Lomo Biche|Batavia
Refrigerio,Bebida|Cabano|Lomo Biche|Pulpo
Arroz del puerto,Adicionales|Ostras|Chuleta|Batavia
Arroz Vegetariano,Postre|Camarón|Papas a la Francesa|Pollo
Arroz Mediterraneo,Bebida|Chicharron|Maduro|Chicharron
Arroz Mediterraneo,Plato Secundario|Batavia|Chuleta|Cabano
Papas a la Francesa,Postre|Batavia|Ostras|Camarón
Arroz Oriental,Bandeja|Lechuga|Pulpo|Pulpo
Papas a la Francesa,Sopa|Maduro|Pollo|Papas
Arroz Vegetariano,Adicionales|Verduras|Jamón|Pollo
Arroz del puerto,Bebida|Camarón|Chuleta|Chuleta
Chop Suey,Postre|Ostras|Maduro|Cerdo
Desayuno,Plato Secundario|Lomo Biche|Papas a la Francesa|Costilla
Lumpias,Bandeja|Lechuga|Papas a la Francesa|Jamón
Desayuno,Plato Secundario|Pollo|Pulpo|Chuleta
Papas a la Francesa,Adicionales|Ostras|Chuleta|Chicharron
Arroz llanero,Plato Secundario|Verduras|Verduras|Costilla
Arroz llanero,Postre|Papas a la Francesa|Maduro|Maduro
Arroz Oriental,Sopa|Camarón|Lomo Biche|Lechuga
Arroz del puerto,Plato Secundario|Cerdo|Jamón|Maduro
Papas a la Francesa,Plato Secundario|Papas|Cebolla|Batavia
Arroz llanero,Plato Secundario|Lechuga|Camarón|Jamón
Refrigerio,Sopa|Papas|Jamón|Pulpo
Arroz a la barbacoa,Plato Secundario|Chicharron|Ostras|Jamón
Arroz Vegetariano,Plato Secundario|Lomo Biche|Pollo|Pulpo
Refrigerio,Sopa|Camarón|Camarón|Pulpo
Arroz Colombiano,Bandeja|Pulpo|Batavia|Chorizo
Arroz llanero,Bandeja|Cabano|Jamón|Papas a la Francesa
Lumpias,Bebida|Maduro|Chuleta|Lechuga
Arroz Oriental,Sopa|Pulpo|Chicharron|Cerdo
Lumpias,Bebida|Chuleta|Batavia|Camarón
Arroz llanero,Plato Secundario|Lechuga|Cabano|Pollo
Arroz Mediterraneo,Plato Secundario|Camarón|Lomo Biche|Ostras
Arroz Vegetariano,Bandeja|Chicharron|Lomo Biche|Verduras
Arroz Vegetariano,Sopa|Pollo|Chicharron|Maduro
Papas a la Francesa,Bebida|Papas|Cebolla|Cabano
Arroz Vegetariano,Bandeja|Camarón|Ostras|Cabano
Chop Suey,Bandeja|Lechuga|Lomo Biche|Cerdo
Desayuno,Bebida|Lechuga|Chicharron|Lechuga
Chop Suey,Sopa|Camarón|Costilla|Verduras
Papas a la Francesa,Bebida|Papas a la Francesa|Costilla|Ostras
Arroz Colombiano,Plato Secundario|Lomo Biche|Ostras|Verduras
Arroz Oriental,Plato Secundario|Lechuga|Chuleta|Papas a la Francesa
Desayuno,Sopa|Pollo|Cabano|Chuleta
Lumpias,Sopa|Cerdo|Papas|Costilla
Arroz del puerto,Plato Secundario|Chuleta|Cebolla|Lechuga
Desayuno,Bandeja|Costilla|Papas a la Francesa|Ostras
Desayuno,Sopa|Jamón|Maduro|Lomo Biche
Arroz Oriental,Plato Secundario|Cerdo|Cerdo|Papas a la Francesa
Arroz a la barbacoa,Bandeja|Ostras|Lomo Biche|Papas
Desayuno,Postre|Verduras|Pulpo|Pulpo
Papas a la Francesa,Bandeja|Cebolla|Papas|Cerdo
Refrigerio,Adicionales|Maduro|Costilla|Cabano
Arroz a la barbacoa,Bebida|Camarón|Pulpo|Jamón
Arroz del puerto,Adicionales|Ostras|Cebolla|Jamón
Arroz a la barbacoa,Sopa|Cerdo|Cebolla|Camarón
Arroz Colombiano,Postre|Pulpo|Maduro|Batavia
Lumpias,Sopa|Lechuga|Lomo Biche|Pulpo
Refrigerio,Sopa|Verduras|Lechuga|Cabano
Desayuno,Bebida|Ostras|Costilla|Camarón
Arroz Mediterraneo,Sopa|Lomo Biche|Pulpo|Maduro
Chop Suey,Bebida|Chicharron|Chorizo|Camarón
Refrigerio,Bandeja|Maduro|Jamón|Cebolla
Chop Suey,Plato Secundario|Lomo Biche|Jamón|Jamón
Arroz Mediterraneo,Bebida|Batavia|Maduro|Costilla
Arroz Colombiano,Bandeja|Chicharron|Chuleta|Lechuga
Desayuno,Sopa|Maduro|Camarón|Jamón
Arroz del puerto,Bandeja|Pollo|Lomo Biche|Ostras
Arroz Vegetariano,Postre|Ostras|Ostras|Pollo
Desayuno,Plato Secundario|Costilla|Papas|Chicharron
Arroz Vegetariano,Sopa|Maduro|Chicharron|Papas
Papas a la Francesa,Adicionales|Lechuga|Maduro|Batavia
Refrigerio,Bandeja|Verduras|Cerdo|Camarón
Papas a la Francesa,Bandeja|Camarón|Papas a la Francesa|Chorizo
Arroz a la barbacoa,Sopa|Lomo Biche|Jamón|Chorizo
Refrigerio,Plato Secundario|Pollo|Camarón|Maduro
Refrigerio,Sopa|Costilla|Ostras|Maduro
Desayuno,Plato Secundario|Pulpo|Cebolla|Chicharron
Chop Suey,Plato Secundario|Lechuga|Ostras|Chuleta
Arroz Mediterraneo,Adicionales|Papas a la Francesa|Batavia|Maduro
Chop Suey,Plato Secundario|Pollo|Pollo|Cebolla
Arroz Mediterraneo,Bandeja|Chorizo|Costilla|Jamón
Refrigerio,Bebida|Verduras|Chuleta|Lechuga
Arroz Oriental,Sopa|Maduro|Lechuga|Papas a la Francesa
Papas a la Francesa,Postre|Verduras|Cabano|Chicharron
Arroz a la barbacoa,Bebida|Papas a la Francesa|Cerdo|Pulpo
Papas a la Francesa,Bebida|Jamón|Chuleta|Chorizo
Papas a la Francesa,Postre|Lomo Biche|Papas a la Francesa|Jamón
Arroz del puerto,Postre|Cebolla|Lechuga|Papas
Arroz llanero,Bandeja|Pulpo|Chorizo|Batavia
Arroz Mediterraneo,Bandeja|Cerdo|Verduras|Lechuga
Arroz Mediterraneo,Sopa|Batavia|Pulpo|Pulpo
Lumpias,Bandeja|Lechuga|Pollo|Chuleta
Refrigerio,Postre|Cebolla|Chuleta|Lomo Biche
Desayuno,Postre|Lomo Biche|Pulpo|Ostras
Lumpias,Bebida|Cebolla|Cebolla|Cerdo
Arroz Mediterraneo,Bebida|Cebolla|Cabano|Lechuga
Arroz Oriental,Bebida|Camarón|Chicharron|Papas
Chop Suey,Bebida|Verduras|Camarón|Chuleta
Arroz del puerto,Postre|Maduro|Verduras|Maduro
Arroz Vegetariano,Bandeja|Papas|Papas|Batavia
Arroz a la barbacoa,Bandeja|Pollo|Papas|Lechuga
Arroz a la barbacoa,Postre|Batavia|Cabano|Jamón
Arroz Mediterraneo,Bebida|Verduras|Pollo|Lechuga
Desayuno,Adicionales|Chuleta|Chorizo|Chorizo
Arroz Oriental,Bebida|Jamón|Costilla|Cerdo
Chop Suey,Bandeja|Jamón|Cebolla|Chorizo
Desayuno,Sopa|Verduras|Pollo|Batavia
Arroz Oriental,Plato Secundario|Pollo|Cabano|Pollo
Lumpias,Bebida|Pollo|Ostras|Cebolla
Arroz Mediterraneo,Adicionales|Pulpo|Pulpo|Pollo
Arroz Vegetariano,Adicionales|Cerdo|Lechuga|Chuleta
Arroz a la barbacoa,Postre|Batavia|Cabano|Papas
Arroz Oriental,Plato Secundario|Chorizo|Pollo|Batavia
Desayuno,Sopa|Lomo Biche|Jamón|Verduras
Lumpias,Plato Secundario|Batavia|Batavia|Lomo Biche
Desayuno,Bandeja|Cerdo|Cerdo|Papas
Arroz del puerto,Bandeja|Ostras|Pollo|Maduro
Arroz Vegetariano,Plato Secundario|Costilla|Cebolla|Maduro
Chop Suey,Adicionales|Cerdo|Chuleta|Papas a la Francesa
Arroz Oriental,Plato Secundario|Cabano|Papas|Chorizo
Arroz Vegetariano,Plato Secundario|Maduro|Costilla|Cabano
Arroz Oriental,Adicionales|Batavia|Maduro|Maduro
Papas a la Francesa,Adicionales|Chuleta|Pollo|Maduro
Arroz Vegetariano,Sopa|Papas a la Francesa|Chorizo|Ostras
Arroz a la barbacoa,Bebida|Pollo|Ostras|Ostras
Chop Suey,Sopa|Verduras|Pulpo|Lomo Biche
Lumpias,Bebida|Ostras|Chuleta|Papas
Arroz Oriental,Plato Secundario|Chuleta|Cebolla|Maduro
Arroz Mediterraneo,Bebida|Verduras|Verduras|Costilla
Chop Suey,Sopa|Pollo|Maduro|Papas a la Francesa
Arroz Vegetariano,Bandeja|Costilla|Cerdo|Costilla
Arroz Oriental,Bebida|Papas|Ostras|Jamón
Arroz a la barbacoa,Plato Secundario|Chicharron|Ostras|Lomo Biche
Arroz Mediterraneo,Bandeja|Jamón|Lomo Biche|Papas
Desayuno,Bebida|Maduro|Chorizo|Cebolla
Refrigerio,Postre|Chorizo|Chicharron|Cabano
Papas a la Francesa,Postre|Camarón|Pulpo|Camarón
Lumpias,Bandeja|Chorizo|Jamón|Lechuga
Papas a la Francesa,Plato Secundario|Chorizo|Cabano|Papas a la Francesa
Desayuno,Bandeja|Cebolla|Pulpo|Cebolla
Lumpias,Plato Secundario|Maduro|Chuleta|Chuleta
Arroz Mediterraneo,Sopa|Cabano|Papas a la Francesa|Jamón
Arroz llanero,Bandeja|Papas|Cebolla|Lechuga
Arroz Vegetariano,Postre|Chicharron|Cabano|Papas a la Francesa
Refrigerio,Postre|Pollo|Jamón|Costilla
Lumpias,Sopa|Papas|Batavia|Batavia
Arroz llanero,Bebida|Papas|Batavia|Batavia
Refrigerio,Bandeja|Maduro|Ostras|Chicharron
Arroz llanero,Postre|Chicharron|Cabano|Chuleta
Arroz Vegetariano,Plato Secundario|Ostras|Cebolla|Lechuga
Lumpias,Bandeja|Lomo Biche|Jamón|Cabano
Arroz Vegetariano,Sopa|Maduro|Verduras|Chicharron
Chop Suey,Adicionales|Pulpo|Jamón|Ostras
Arroz a la barbacoa,Sopa|Cerdo|Cerdo|Maduro
Desayuno,Sopa|Maduro|Papas a la Francesa|Batavia
Arroz Colombiano,Plato Secundario|Papas|Maduro|Chuleta
Arroz Vegetariano,Postre|Chicharron|Chuleta|Verduras
Arroz Mediterraneo,Bebida|Pulpo|Lomo Biche|Chuleta
Arroz Colombiano,Plato Secundario|Cebolla|Lechuga|Costilla
Papas a la Francesa,Plato Secundario|Batavia|Ostras|Pollo
Arroz a la barbacoa,Bandeja|Costilla|Chuleta|Jamón
Chop Suey,Adicionales|Pollo|Cabano|Pulpo
Chop Suey,Plato Secundario|Papas|Pollo|Chicharron
Arroz del puerto,Bandeja|Lechuga|Papas a la Francesa|Lechuga
Desayuno,Adicionales|Costilla|Papas a la Francesa|Ostras
Refrigerio,Adicionales|Pulpo|Pulpo|Pollo
Chop Suey,Bandeja|Batavia|Lechuga|Ostras
Arroz Oriental,Sopa|Lomo Biche|Costilla|Pulpo
Arroz Vegetariano,Postre|Cebolla|Cabano|Batavia
Arroz Colombiano,Adicionales|Batavia|Verduras|Papas
Arroz Mediterraneo,Bandeja|Lechuga|Camarón|Cerdo
Arroz llanero,Plato Secundario|Costilla|Jamón|Cebolla
Arroz Mediterraneo,Bandeja|Ostras|Lomo Biche|Batavia
Arroz Oriental,Adicionales|Chuleta|Lomo Biche|Maduro
Desayuno,Postre|Cerdo|Batavia|Costilla
Arroz del puerto,Sopa|Chorizo|Cebolla|Cabano
Refrigerio,Bandeja|Chicharron|Cebolla|Costilla
Arroz del puerto,Plato Secundario|Chuleta|Cabano|Lechuga
Refrigerio,Bandeja|Pollo|Verduras|Papas a la Francesa
Arroz Oriental,Plato Secundario|Cabano|Jamón|Pollo
Chop Suey,Adicionales|Lechuga|Lomo Biche|Chicharron
Arroz Oriental,Postre|Chicharron|Papas a la Francesa|Ostras
Refrigerio,Bandeja|Pollo|Chorizo|Lechuga
Arroz Oriental,Bandeja|Jamón|Lomo Biche|Lechuga
Arroz a la barbacoa,Sopa|Cebolla|Batavia|Chorizo
Arroz llanero,Bebida|Cebolla|Costilla|Papas a la Francesa
Papas a la Francesa,Adicionales|Cebolla|Papas|Chuleta
Chop Suey,Plato Secundario|Papas a la Francesa|Cerdo|Cabano
Papas a la Francesa,Postre|Camarón|Chuleta|Lechuga
Arroz llanero,Adicionales|Pollo|Camarón|Papas a la Francesa
Arroz Oriental,Adicionales|Cerdo|Lechuga|Lomo Biche
Arroz del puerto,Postre|Ostras|Jamón|Papas a la Francesa
Arroz del puerto,Adicionales|Pollo|Chicharron|Chicharron
Chop Suey,Adicionales|Chorizo|Ostras|Papas a la Francesa
Desayuno,Sopa|Ostras|Maduro|Cabano
Refrigerio,Bebida|Jamón|Cabano|Cerdo
Arroz del puerto,Bebida|Maduro|Cerdo|Cabano
Desayuno,Adicionales|Costilla|Batavia|Papas a la Francesa
Lumpias,Plato Secundario|Camarón|Chuleta|Chicharron
Chop Suey,Postre|Cabano|Batavia|Maduro
Arroz Vegetariano,Plato Secundario|Maduro|Chuleta|Cabano
Arroz Mediterraneo,Adicionales|Batavia|Costilla|Chuleta
Arroz Oriental,Postre|Jamón|Papas a la Francesa|Papas a la Francesa
Arroz Oriental,Sopa|Cebolla|Ostras|Cebolla
Arroz del puerto,Plato Secundario|Cebolla|Jamón|Costilla
Chop Suey,Postre|Papas|Cebolla|Jamón
Arroz Vegetariano,Sopa|Pulpo|Verduras|Pulpo
Arroz Colombiano,Plato Secundario|Ostras|Pollo|Camarón
Refrigerio,Adicionales|Chuleta|Chuleta|Papas a la Francesa
Arroz Mediterraneo,Bandeja|Papas a la Francesa|Costilla|Jamón
Arroz Vegetariano,Postre|Verduras|Pulpo|Chorizo
Arroz Colombiano,Plato Secundario|Cerdo|Papas|Batavia
Refrigerio,Adicionales|Batavia|Chicharron|Cerdo
Arroz Vegetariano,Adicionales|Cabano|Camarón|Cebolla
Lumpias,Plato Secundario|Ostras|Papas a la Francesa|Cerdo
Arroz del puerto,Postre|Ostras|Papas|Lechuga
Arroz del puerto,Bebida|Chuleta|Chorizo|Verduras
Papas a la Francesa,Sopa|Papas a la Francesa|Verduras|Cabano
Arroz a la barbacoa,Postre|Cabano|Maduro|Pollo
Arroz del puerto,Plato Secundario|Jamón|Cebolla|Jamón
Lumpias,Adicionales|Batavia|Cabano|Cabano
Arroz Colombiano,Plato Secundario|Pollo|Papas|Lomo Biche
Arroz llanero,Postre|Costilla|Chicharron|Maduro
